City_ID,City,Lat,Lng,Max Temp,Humidity,Cloudiness,Wind Speed,Country,Date
0,camana,-16.6228,-72.7111,16.05,83,14,4.92,PE,1726362491
1,port-aux-francais,-49.35,70.2167,0.58,64,81,15.52,TF,1726362492
2,ushuaia,-54.8,-68.3,1.22,94,100,4.34,AR,1726362494
3,invercargill,-46.4,168.35,7.23,92,100,0.89,NZ,1726362495
4,adamstown,-25.066,-130.1015,19.76,65,6,5.92,PN,1726362496
5,dunedin,-45.8742,170.5036,8.22,99,100,3.84,NZ,1726362498
6,vadso,70.0744,29.7487,6.09,87,100,1.54,NO,1726362499
7,thompson,55.7435,-97.8558,15.71,75,100,5.53,CA,1726362500
8,constantia,44.1833,28.65,14.38,57,83,5.72,RO,1726362501
9,whitehorse,60.7161,-135.0538,13.39,56,83,2.68,CA,1726362503
10,aljezur,37.3191,-8.8033,18.82,84,8,1.03,PT,1726362504
11,jamestown,42.097,-79.2353,22.8,77,0,2.57,US,1726362505
12,yerofey pavlovich,53.9667,121.9667,11.37,56,6,1.4,RU,1726362506
13,lincheng,19.9078,109.6858,27.91,78,61,1.6,CN,1726362507
14,galliano,29.4422,-90.2992,27.0,74,0,2.57,US,1726362508
15,hermanus,-34.4187,19.2345,13.22,92,82,3.57,ZA,1726362509
16,longyearbyen,78.2186,15.6401,6.91,81,75,3.09,SJ,1726362511
17,grytviken,-54.2811,-36.5092,-2.41,75,20,5.41,GS,1726362512
18,tiksi,71.6872,128.8694,2.05,85,100,6.96,RU,1726362513
19,coos bay,43.3665,-124.2179,20.18,88,100,3.09,US,1726362250
20,buckeye,33.3703,-112.5838,37.51,26,0,2.06,US,1726362516
21,lebu,-37.6167,-73.65,9.36,77,100,6.82,CL,1726362517
22,tralee,52.2704,-9.7026,14.36,99,100,1.35,IE,1726362518
23,kapuskasing,49.4169,-82.4331,19.36,68,99,2.39,CA,1726362520
24,papatowai,-46.5619,169.4708,5.96,98,100,5.41,NZ,1726362521
25,glace bay,46.1969,-59.957,14.36,81,13,4.47,CA,1726362522
26,vorgashor,67.5833,63.95,11.7,94,40,4.35,RU,1726362523
27,hawaiian paradise park,19.5933,-154.9731,25.96,77,100,2.06,US,1726362524
28,puerto deseado,-47.7503,-65.8938,8.78,61,100,11.0,AR,1726362525
29,albany,42.6001,-73.9662,21.55,68,11,1.46,US,1726362526
30,blackmans bay,-43.0167,147.3167,10.85,62,31,1.79,AU,1726362527
31,apple valley,34.5008,-117.1859,26.84,36,0,7.81,US,1726362295
32,puerto natales,-51.7236,-72.4875,3.73,82,14,7.16,CL,1726362530
33,west island,-12.1568,96.8225,26.99,78,40,5.14,CC,1726362531
34,talnakh,69.4865,88.3972,1.68,71,95,1.24,RU,1726362532
35,corovode,40.5042,20.2272,10.14,82,0,0.79,AL,1726362533
36,kapa'a,22.0752,-159.319,29.18,66,40,6.69,US,1726362534
37,katsuura,35.1333,140.3,28.45,76,0,8.17,JP,1726362535
38,port saint john's,-31.6229,29.5448,17.85,85,100,3.81,ZA,1726362536
39,badger,64.8,-147.5333,15.2,63,40,5.66,US,1726362538
40,luanco,43.6152,-5.7934,15.48,83,12,3.7,ES,1726362539
41,ribeira grande,38.5167,-28.7,20.99,82,6,2.24,PT,1726362540
42,temiskaming shores,47.4938,-79.7153,19.64,67,93,2.36,CA,1726362541
43,isla aguada,18.7833,-91.4667,29.59,76,100,4.12,MX,1726362542
44,barra de santo antonio,-9.4047,-35.5072,23.69,76,6,3.55,BR,1726362543
45,fiambala,-27.6871,-67.6149,11.86,52,34,1.67,AR,1726362544
46,waitangi,-43.9535,-176.5597,12.12,98,100,3.13,NZ,1726362545
47,tingi,-11.3,35.0333,17.49,45,84,2.12,TZ,1726362547
48,yellowknife,62.456,-114.3525,16.34,69,100,0.45,CA,1726362548
49,st. john's,47.5649,-52.7093,11.1,77,100,9.39,CA,1726362320
50,knyaze-volkonskoye,48.4642,135.4567,15.19,56,62,3.76,RU,1726362550
51,tsiombe,-25.3,45.4833,21.14,73,0,1.6,MG,1726362551
52,avarua,-21.2078,-159.775,25.03,73,75,4.12,CK,1726362552
53,mejit,10.2753,170.8646,28.4,82,100,9.18,MH,1726362553
54,taro,-8.3862,115.28,25.6,50,8,2.3,ID,1726362554
55,wailua homesteads,22.0669,-159.378,28.44,68,40,6.69,US,1726362556
56,port douglas,-16.4833,145.4667,23.99,76,63,5.92,AU,1726362557
57,nilsia,63.2,28.0833,13.92,96,100,0.9,FI,1726362558
58,kerikeri,-35.2268,173.9474,18.84,67,0,2.24,NZ,1726362559
59,dobrany,49.6548,13.2931,10.06,81,100,3.13,CZ,1726362560
60,college,64.8569,-147.8028,15.25,61,100,5.66,US,1726362561
61,edinburgh of the seven seas,-37.0676,-12.3116,12.33,73,23,4.73,SH,1726362562
62,linxia chengguanzhen,35.6003,103.2064,14.52,78,100,0.97,CN,1726362563
63,hakui,36.8833,136.7833,34.03,72,100,1.5,JP,1726362565
64,port elizabeth,-33.918,25.5701,16.29,97,6,0.89,ZA,1726362566
65,jwaneng,-24.6004,24.7303,20.63,18,59,2.31,BW,1726362567
66,happy valley-goose bay,53.3168,-60.3315,6.99,76,0,2.23,CA,1726362568
67,nadi,-17.8,177.4167,29.0,61,20,6.69,FJ,1726362569
68,itoman,26.1247,127.6694,31.21,82,75,7.72,JP,1726362570
69,brookings,44.3114,-96.7984,22.88,71,0,4.12,US,1726362571
70,puerto ayora,-0.7393,-90.3518,21.42,94,69,3.13,EC,1726362572
71,iskateley,67.6803,53.1512,15.15,83,62,3.74,RU,1726362574
72,ariquemes,-9.9133,-63.0408,31.19,25,42,1.58,BR,1726362575
73,nyala,12.05,24.8833,24.77,63,29,2.17,SD,1726362576
74,petropavlovsk-kamchatsky,53.0452,158.6483,14.33,29,0,8.0,RU,1726362277
75,villa gesell,-37.2639,-56.973,7.91,64,0,2.54,AR,1726362578
76,labrador city,52.9463,-66.9114,12.88,47,100,4.92,CA,1726362579
77,san pedro pochutla,15.7333,-96.4667,27.06,81,100,1.34,MX,1726362525
78,ouadda,8.0777,22.4007,20.47,93,100,0.84,CF,1726362581
79,chui,-33.6971,-53.4616,8.16,86,0,2.93,UY,1726362583
80,fort bragg,35.139,-79.006,24.34,79,100,5.66,US,1726362584
81,sisimiut,66.9395,-53.6735,3.14,87,39,3.85,GL,1726362586
82,bangkalan,-7.0455,112.7351,27.43,64,10,2.65,ID,1726362587
83,newman,37.3138,-121.0208,32.24,30,0,1.34,US,1726362589
84,batticaloa,7.7102,81.6924,27.35,71,92,1.79,LK,1726362591
85,dogondoutchi,13.6393,4.0287,28.1,60,56,2.62,NE,1726362592
86,afaahiti,-17.75,-149.2833,24.05,87,67,4.14,PF,1726362593
87,bilibino,68.0546,166.4372,7.54,68,100,0.51,RU,1726362594
88,ifrane,33.3333,-5.25,19.9,46,6,2.35,MA,1726362595
89,port mathurin,-19.6833,63.4167,20.32,67,100,11.11,MU,1726362596
90,divnomorskoye,44.5011,38.1353,19.19,56,0,4.35,RU,1726362597
91,stanley,54.868,-1.6985,14.01,83,20,4.63,GB,1726362599
92,parral,26.9333,-105.6667,15.06,87,100,1.63,MX,1726362600
93,kingston,17.997,-76.7936,26.76,87,11,0.6,JM,1726362601
94,georgetown,5.4112,100.3354,25.96,89,20,1.54,MY,1726362602
95,russas,-4.9403,-37.9758,26.16,55,4,4.81,BR,1726362603
96,olonkinbyen,70.9221,-8.7187,1.34,68,100,6.25,SJ,1726362604
97,xique xique,-10.8217,-42.7311,25.88,47,5,5.86,BR,1726362605
98,al bardiyah,31.7561,25.0865,25.21,75,0,5.37,LY,1726362606
99,lihue,21.9789,-159.3672,28.77,66,40,6.69,US,1726362608
100,porto novo,6.4965,2.6036,23.61,95,100,2.58,BJ,1726362609
101,fort st. john,56.2499,-120.8529,15.08,61,77,2.31,CA,1726362611
102,bethel,41.3712,-73.414,21.46,87,20,0.0,US,1726362612
103,trairi,-3.2778,-39.2689,25.0,84,28,4.99,BR,1726362613
104,gizo,-8.103,156.8419,25.47,91,100,4.48,SB,1726362614
105,kyzyl,51.7,94.45,8.48,67,99,0.84,RU,1726362615
106,hammerfest,70.6634,23.6821,9.25,81,68,2.57,NO,1726362618
107,nar'yan-mar,67.6713,53.087,15.32,82,75,3.71,RU,1726362619
108,colonia,50.9333,6.95,7.75,88,20,1.54,DE,1726362620
109,ha'il,27.5219,41.6907,27.01,32,0,1.03,SA,1726362621
110,iqaluit,63.7506,-68.5145,6.5,75,14,2.24,CA,1726362622
111,maymana,35.9214,64.7836,16.8,29,22,1.16,AF,1726362624
112,najran,17.4924,44.1277,25.97,37,31,2.87,SA,1726362625
113,totness,5.8833,-56.3167,27.45,79,15,4.61,SR,1726362626
114,naryn,41.4287,75.9911,7.79,40,31,2.47,KG,1726362627
115,remire-montjoly,4.9167,-52.2667,27.02,83,0,2.06,GF,1726362628
116,mandalgovi,45.7625,106.2708,10.47,67,100,6.09,MN,1726362796
117,lompoc,34.6391,-120.4579,16.96,82,100,4.12,US,1726362798
118,yelizovo,53.1873,158.3805,15.08,29,0,8.0,RU,1726362799
119,laojunmiao,39.8333,97.7333,11.55,82,67,1.14,CN,1726362800
120,goure,13.9835,10.2704,28.02,61,16,3.53,NE,1726362802
121,alotau,-10.3069,150.4462,28.39,72,59,3.37,PG,1726362803
122,qaqortoq,60.7167,-46.0333,4.07,93,100,1.86,GL,1726362804
123,santa ana,33.7456,-117.8678,24.95,68,40,4.63,US,1726362751
124,yaren,-0.5472,166.916,28.3,64,100,4.02,NR,1726362807
125,bredasdorp,-34.5322,20.0403,10.02,93,16,2.15,ZA,1726362809
126,ljusdal,61.8288,16.0913,5.05,78,19,0.33,SE,1726362810
127,labytnangi,66.6572,66.4183,10.92,70,100,2.33,RU,1726362811
128,punta arenas,-53.15,-70.9167,4.06,81,20,8.75,CL,1726362813
129,la ronge,55.1001,-105.2842,14.73,65,99,2.19,CA,1726362814
130,hamilton,39.1834,-84.5333,26.47,55,20,3.6,US,1726362525
131,dabhol,17.6,73.1667,24.04,86,99,0.5,IN,1726362817
132,chivilcoy,-34.8957,-60.0167,9.26,53,0,3.65,AR,1726362818
133,kodiak,57.79,-152.4072,13.73,88,20,2.06,US,1726362820
134,arteche,12.2645,125.4048,27.55,81,100,5.83,PH,1726362821
135,lautoka,-17.6167,177.4667,28.92,61,20,6.69,FJ,1726362822
136,puerto baquerizo moreno,-0.9,-89.6,21.11,89,81,5.07,EC,1726362824
137,saipan,15.1355,145.701,28.39,89,100,4.63,MP,1726362825
138,klyuchi,52.2667,79.1667,9.93,90,16,3.2,RU,1726362827
139,borogontsy,62.6683,131.1683,4.75,57,6,3.8,RU,1726362828
140,kovdor,67.5662,30.4758,8.47,89,100,0.21,RU,1726362829
141,havre,49.5833,0.3333,9.87,81,0,2.06,FR,1726362778
142,vanimo,-2.6741,141.3028,29.05,69,100,1.8,PG,1726362831
143,xinji,37.9028,115.2036,18.5,62,97,2.68,CN,1726362833
144,veinticinco de mayo,-35.4323,-60.1727,8.32,72,0,0.89,AR,1726362834
145,ashkasham,36.6833,71.5333,7.47,60,98,1.46,AF,1726362835
146,kailua-kona,19.6406,-155.9956,29.98,73,40,5.66,US,1726362836
147,nuuk,64.1835,-51.7216,4.34,100,100,3.09,GL,1726362837
148,laishevo,55.4046,49.5504,12.12,73,7,2.75,RU,1726362838
149,tazovsky,67.4667,78.7,-0.22,75,74,1.99,RU,1726362839
150,tolanaro,-25.0319,46.9987,18.8,92,2,5.63,MG,1726362841
151,cabo san lucas,22.8909,-109.9124,26.17,90,0,10.8,MX,1726362765
152,tual,-5.6667,132.75,26.48,83,91,5.9,ID,1726362843
153,lodja,-3.4833,23.4333,21.12,60,6,1.25,CD,1726362845
154,beau vallon,-20.4189,57.6953,21.13,52,40,5.14,MU,1726362846
155,toyooka,35.5333,134.8333,26.52,87,100,2.11,JP,1726362847
156,portland,45.5234,-122.6762,21.31,77,100,6.17,US,1726362750
157,north bend,43.4065,-124.2243,20.14,88,100,3.09,US,1726362849
158,tarumovka,44.0761,46.5361,16.13,88,0,3.95,RU,1726362850
159,sorong,-0.8833,131.25,27.95,79,99,5.97,ID,1726362851
160,keflavik,64.0049,-22.5624,4.24,81,0,5.14,IS,1726362853
161,tchintabaraden,15.8969,5.7985,32.38,42,1,2.04,NE,1726362854
162,tanout,14.9709,8.8879,30.4,49,4,5.22,NE,1726362855
163,bayganin,48.6947,55.8742,16.91,50,69,4.57,KZ,1726362856
164,waingapu,-9.6567,120.2641,28.45,58,33,4.76,ID,1726362857
165,uturoa,-16.7333,-151.4333,26.44,77,0,4.22,PF,1726362858
166,dudinka,69.4058,86.1778,-0.52,80,85,3.67,RU,1726362859
167,saint-philippe,-21.3585,55.7679,18.61,68,54,4.94,RE,1726362860
168,sinor,21.9167,73.3333,22.85,94,23,2.61,IN,1726362862
169,calabozo,8.9242,-67.4293,25.15,89,5,0.82,VE,1726362863
170,hakha,22.65,93.6167,17.93,100,100,1.09,MM,1726362864
171,akureyri,65.6835,-18.0878,2.91,99,100,4.16,IS,1726362865
172,port alfred,-33.5906,26.891,15.66,93,100,5.88,ZA,1726362866
173,kone,-21.0595,164.8658,29.22,37,1,4.96,NC,1726362867
174,nueva gerona,21.8833,-82.8,29.93,65,52,0.57,CU,1726362868
175,san fernando de apure,7.8878,-67.4724,25.8,86,3,1.34,VE,1726362870
176,margaret river,-33.95,115.0667,14.65,60,0,5.93,AU,1726362731
177,paysandu,-32.3214,-58.0756,8.39,64,0,3.89,UY,1726362872
178,chonchi,-42.6128,-73.8092,7.29,96,44,1.64,CL,1726362874
179,sinop,41.7711,34.8709,18.73,63,100,3.15,TR,1726362875
180,banda aceh,5.5577,95.3222,28.44,69,100,5.05,ID,1726362876
181,aasiaat,68.7098,-52.8699,-1.39,84,14,2.05,GL,1726362878
182,meadow lake,34.8014,-106.5436,27.59,28,0,3.68,US,1726362879
183,lovisa,60.4566,26.2251,17.38,98,40,2.8,FI,1726362881
184,bonthe,7.5264,-12.505,24.72,91,61,2.96,SL,1726362882
185,desarmes,18.9917,-72.3889,26.66,91,100,2.98,HT,1726362883
186,taoudenni,22.6783,-3.9836,32.11,47,8,4.05,ML,1726362884
187,bereznik,62.8551,42.7072,13.06,76,100,1.91,RU,1726362885
188,tonganoxie,39.1097,-95.0878,26.43,71,0,3.08,US,1726362887
189,isafjordur,66.0755,-23.124,2.98,78,99,5.78,IS,1726362888
190,nogliki,51.8333,143.1667,16.23,52,7,3.54,RU,1726362889
191,espiye,40.9479,38.7115,22.76,56,0,2.92,TR,1726362890
192,vallenar,-28.5708,-70.7581,15.63,59,0,1.09,CL,1726362891
193,suoyarvi,62.0833,32.35,12.77,74,88,2.49,RU,1726362892
194,codrington,-38.2667,141.9667,11.17,57,72,5.88,AU,1726362893
195,palmer,42.1584,-72.3287,22.51,69,56,3.18,US,1726362894
196,mount pearl,47.5166,-52.7813,10.64,78,100,2.68,CA,1726362896
197,lockwood,45.8191,-108.4149,25.79,35,40,2.06,US,1726362789
198,kirakira,-10.4544,161.9205,28.71,77,80,3.88,SB,1726362898
199,callao,-12.0667,-77.15,18.18,82,100,3.6,PE,1726362899
200,la sarre,48.8002,-79.1996,19.29,77,100,2.79,CA,1726362900
201,pemba,-12.974,40.5178,24.1,80,0,1.46,MZ,1726362901
202,la passe,45.5549,-0.8967,10.93,68,54,4.96,FR,1726362902
203,sola,-13.8833,167.55,26.19,82,16,4.31,VU,1726362903
204,hassi messaoud,31.6804,6.0729,28.21,49,0,7.41,DZ,1726362905
205,vuokatti,64.146,28.2697,11.19,99,100,2.33,FI,1726362906
206,akrehamn,59.2667,5.1833,13.14,94,100,7.72,NO,1726362907
207,mount isa,-20.7333,139.5,27.87,32,0,6.69,AU,1726362908
208,bazas,44.432,-0.2133,8.84,91,5,2.09,FR,1726362909
209,severo-yeniseyskiy,60.3725,93.0408,-1.31,86,100,4.79,RU,1726362910
210,springbok,-29.6643,17.8865,5.09,93,27,1.97,ZA,1726362911
211,mermoz boabab,14.7065,-17.4758,27.45,80,80,2.75,SN,1726362914
212,sidrolandia,-20.9319,-54.9614,25.16,49,88,3.66,BR,1726362915
213,forest grove,45.5198,-123.1107,20.02,80,100,3.6,US,1726362916
214,antsiranana,-12.2787,49.2917,22.58,75,7,8.35,MG,1726362917
215,puerto aysen,-45.4,-72.7,4.43,99,100,2.34,CL,1726362918
216,erdenet,49.0333,104.0833,9.9,59,100,6.49,MN,1726362919
217,mount pleasant,32.7941,-79.8626,23.99,85,75,3.09,US,1726362920
218,weno,7.4515,151.8468,24.97,88,100,3.09,FM,1726362921
219,nova vicosa,-17.8919,-39.3719,23.0,79,0,4.2,BR,1726362923
220,moron,-34.6534,-58.6198,13.25,68,0,5.81,AR,1726362826
221,lazaro cardenas,17.9583,-102.2,28.31,81,100,2.25,MX,1726362925
222,trinity beach,-16.7888,145.6968,25.03,83,75,4.63,AU,1726362926
223,qarqaraly,49.4058,75.4742,5.79,97,12,2.1,KZ,1726362927
224,brigantine,39.4101,-74.3646,21.12,93,0,1.54,US,1726362928
225,kindu,-2.95,25.95,21.49,59,15,0.71,CD,1726362929
226,salies-de-bearn,43.4742,-0.9245,10.71,77,11,1.38,FR,1726362931
227,buckhannon,38.994,-80.232,20.12,67,1,2.48,US,1726362932
228,sarangani,5.4033,125.4636,28.87,69,91,7.42,PH,1726362933
229,maloye ganyushkino,46.6,49.2667,18.17,44,5,4.39,KZ,1726362934
230,tabas,33.5959,56.9244,25.06,18,90,1.45,IR,1726362935
231,aur,8.1499,171.1687,28.37,76,83,4.85,MH,1726362936
232,tambura,5.6,27.4667,20.42,97,38,1.24,SS,1726362937
233,utrik,11.2278,169.8474,28.47,80,100,8.36,MH,1726362938
234,luba,3.4568,8.5547,25.13,91,94,2.86,GQ,1726362940
235,leksand,60.7339,15.0032,5.62,87,29,1.37,SE,1726362941
236,panaba,21.2833,-88.2667,27.3,79,80,4.06,MX,1726362942
237,port lincoln,-34.7333,135.8667,11.56,55,0,9.21,AU,1726362943
238,enewetak,11.3474,162.3373,28.99,78,100,7.45,MH,1726362944
239,ingeniero jacobacci,-41.3427,-69.5448,5.35,50,0,11.26,AR,1726362945
240,rongelap,11.1635,166.8941,28.52,80,9,7.54,MH,1726362946
241,nouadhibou,20.931,-17.0347,21.03,92,5,5.26,MR,1726362948
242,yuzhno-kurilsk,44.0306,145.8556,15.35,95,100,2.91,RU,1726362949
243,petropavlovka,50.6114,105.3196,13.23,68,99,3.88,RU,1726362950
244,sinjai,-5.1241,120.253,27.94,58,100,2.79,ID,1726362951
245,yanykurgan,43.915,67.2481,15.78,35,99,7.54,KZ,1726362952
246,monrovia,6.3005,-10.7969,24.78,86,70,5.16,LR,1726362953
247,virginia,37.5481,-77.4467,22.08,82,75,2.57,US,1726362707
248,east london,-33.0153,27.9116,17.61,82,88,6.91,ZA,1726362957
249,salalah,17.0151,54.0924,27.05,89,75,2.06,OM,1726362958
250,banfora,10.6333,-4.7667,22.75,96,27,0.68,BF,1726362959
251,island harbour,50.724,-1.2758,15.57,58,6,3.36,GB,1726362960
252,dolinsk,47.35,142.8,17.29,58,4,1.75,RU,1726362961
253,dowlatabad,32.7998,51.6955,19.82,34,0,4.12,IR,1726362962
254,juba,4.8517,31.5825,20.9,92,31,1.28,SS,1726362964
255,ndibene dahra,15.3338,-15.4766,26.72,84,100,3.66,SN,1726362965
256,uliastay,47.7417,96.8444,4.39,57,1,3.04,MN,1726362966
257,isangel,-19.55,169.2667,26.06,78,75,6.17,VU,1726362967
258,sitka,57.0531,-135.33,14.94,67,20,2.06,US,1726362968
259,la paz,-16.5,-68.15,10.99,78,20,4.12,BO,1726362969
260,ilulissat,69.2167,-51.1,-0.99,100,75,0.0,GL,1726362970
261,qamdo,31.1667,97.2333,10.58,63,68,2.18,CN,1726362971
262,mirny,62.5353,113.9611,1.53,74,98,3.57,RU,1726362973
263,anadyr,64.75,177.4833,9.28,81,75,6.0,RU,1726362974
264,tingambato,19.5,-101.8667,18.96,98,100,0.44,MX,1726362975
265,san patricio,28.017,-97.5169,28.97,68,75,4.77,US,1726362976
266,toscolano maderno,45.6345,10.6084,14.7,55,100,6.57,IT,1726362977
267,pucon,-39.2822,-71.9543,6.66,92,100,0.64,CL,1726362978
268,santarem,-2.4431,-54.7083,30.07,74,0,4.63,BR,1726362979
269,long beach,33.767,-118.1892,23.41,77,75,5.66,US,1726362952
270,saint-joseph,-21.3667,55.6167,17.21,68,41,5.22,RE,1726362982
271,yantongshan,43.2919,126.0094,13.7,67,0,1.12,CN,1726362983
272,gukovo,48.0531,39.9311,17.22,33,0,6.08,RU,1726362984
273,dalandzadgad,43.5708,104.425,14.97,41,5,0.7,MN,1726362985
274,ovalle,-30.5983,-71.2003,14.19,69,0,0.81,CL,1726362986
275,barroso,-21.1869,-43.9758,19.69,44,100,2.29,BR,1726362987
276,hadibu,12.65,54.0333,25.31,85,85,7.41,YE,1726362988
277,dryden,49.7833,-92.7503,20.2,61,0,2.57,CA,1726362989
278,new norfolk,-42.7826,147.0587,11.51,52,76,3.43,AU,1726362991
279,quellon,-43.1167,-73.6167,6.45,90,97,2.55,CL,1726362993
280,andovoranto,-18.95,49.1,20.13,84,100,2.0,MG,1726362994
281,pisco,-13.7,-76.2167,17.23,88,9,7.72,PE,1726362995
282,ca mau,9.1769,105.15,26.91,86,94,3.48,VN,1726362996
283,gamba,-2.65,10.0,23.49,91,37,3.09,GA,1726362997
284,erbil,36.1926,44.0106,23.9,31,6,1.03,IQ,1726362999
285,tofol,5.3248,163.0078,28.86,64,100,3.31,FM,1726363000
286,dalnerechensk,45.9339,133.7225,13.37,77,0,3.29,RU,1726363001
287,lobujya,27.95,86.8167,1.28,87,90,0.75,NP,1726363002
288,wad az zaki,14.4619,32.2065,28.57,67,0,4.73,SD,1726363003
289,coquimbo,-29.9533,-71.3436,11.85,93,20,1.54,CL,1726363004
290,dampit,-8.2116,112.7493,26.13,47,100,3.04,ID,1726363005
291,atafu village,-8.5421,-172.5159,28.63,73,54,5.97,TK,1726363006
292,tecozautla,20.5333,-99.6333,22.43,78,100,3.07,MX,1726363008
293,mora,11.0461,14.1401,24.13,77,38,1.24,CM,1726363009
294,hotan,37.0997,79.9269,19.34,27,69,0.8,CN,1726363010
295,amstetten,48.1229,14.8721,8.16,96,100,11.03,AT,1726363011
296,lincoln city,44.9582,-124.0179,17.7,91,36,2.76,US,1726363012
297,ben gardane,33.1378,11.2197,23.01,54,0,2.07,TN,1726363013
298,cidade velha,14.9167,-23.6167,26.26,78,40,3.09,CV,1726363014
299,ati,13.2154,18.3353,29.16,62,100,3.3,TD,1726363016
300,sinabang,2.4803,96.3801,26.7,79,68,0.33,ID,1726363017
301,bathsheba,13.2167,-59.5167,29.34,84,40,6.17,BB,1726363018
302,thunder bay,48.4001,-89.3168,17.84,75,100,1.08,CA,1726363020
303,sakaiminato,35.55,133.2333,27.88,81,95,2.67,JP,1726363021
304,yambio,4.5721,28.3955,20.53,97,66,0.65,SS,1726363022
305,baley,51.6,116.6333,14.06,50,99,3.58,RU,1726363023
306,taulaga,-11.0553,-171.0883,27.99,79,100,6.61,AS,1726363025
307,mersa matruh,31.3525,27.2453,26.27,64,0,4.07,EG,1726363026
308,san lorenzo cacaotepec,17.1333,-96.8,21.58,83,100,1.03,MX,1726363028
309,anse-bertrand,16.4721,-61.5078,26.9,74,0,6.3,GP,1726363029
310,kamina,-8.7386,24.9906,19.88,35,0,0.85,CD,1726363030
311,port-vila,-17.7338,168.3219,24.78,100,100,5.66,VU,1726363031
312,carnarvon,-24.8667,113.6333,24.38,27,0,10.8,AU,1726363032
313,langepas,61.2544,75.2124,2.54,71,0,3.88,RU,1726363034
314,acapulco de juarez,16.8634,-99.8901,29.9,74,75,2.06,MX,1726363035
315,egilsstadir,65.2653,-14.3948,4.95,93,100,8.75,IS,1726363036
316,mar del plata,-38.0023,-57.5575,9.49,84,0,3.58,AR,1726362871
317,tura,25.5198,90.2201,22.62,96,100,2.17,IN,1726363038
318,kolwezi,-10.7148,25.4667,18.19,28,5,1.57,CD,1726363039
319,geraldton,-28.7667,114.6,20.23,37,0,7.2,AU,1726363040
320,ixtapa,20.7,-105.2,30.57,70,75,2.57,MX,1726363041
321,kavieng,-2.5744,150.7967,28.34,74,81,2.41,PG,1726363043
322,fort-shevchenko,44.5086,50.263,19.62,50,0,6.49,KZ,1726363044
323,halifax,44.6453,-63.5724,14.0,78,15,4.63,CA,1726363045
324,greymouth,-42.4667,171.2,11.84,70,100,1.82,NZ,1726363046
325,grand falls-windsor,48.9332,-55.6649,9.72,84,99,1.27,CA,1726363047
326,pieksamaki,62.3,27.1333,14.55,98,100,1.6,FI,1726363048
327,don sak,9.3168,99.6918,27.34,76,92,7.49,TH,1726363049
328,kristiansund,63.1115,7.732,12.36,62,100,3.09,NO,1726363051
329,aoulef,26.9667,1.0833,33.65,15,0,3.0,DZ,1726363052
330,namibe,-15.1961,12.1522,18.26,88,23,3.32,AO,1726363053
331,beboto,8.2668,16.939,22.99,93,100,0.92,TD,1726363054
332,winnemucca,40.973,-117.7357,29.03,11,0,5.14,US,1726363055
333,minas de marcona,-15.2119,-75.1103,9.8,88,59,6.41,PE,1726363056
334,daru,-9.0763,143.2092,26.11,87,76,7.97,PG,1726363057
335,moussoro,13.6408,16.4901,28.81,65,97,4.11,TD,1726363058
336,satipo,-11.2522,-74.6386,28.14,45,100,1.26,PE,1726363060
337,kaman,27.65,77.2667,26.01,74,0,1.89,IN,1726363061
338,el amria,35.5244,-1.0158,21.64,66,0,3.71,DZ,1726363062
339,aykhal,66.0,111.5,-0.29,91,100,6.97,RU,1726363063
340,venice,27.0998,-82.4543,27.25,89,2,0.89,US,1726363064
341,nordhorn,52.4333,7.0833,9.41,82,45,1.65,DE,1726363065
342,arivonimamo,-19.0167,47.1833,10.18,90,1,1.99,MG,1726363067
343,naze,28.3667,129.4833,27.51,88,100,8.11,JP,1726363069
344,el grao,39.798,-0.1321,21.6,69,0,2.25,ES,1726363070
345,piton saint-leu,-21.2196,55.3151,15.06,59,20,3.6,RE,1726363071
346,vuktyl,63.8567,57.3094,13.8,94,72,1.4,RU,1726363072
347,sovetskaya gavan',48.9723,140.2878,17.84,40,24,4.3,RU,1726363073
348,selkirk,50.1436,-96.8845,21.21,61,100,0.89,CA,1726363074
349,smithers,54.7804,-127.1743,13.58,75,95,2.06,CA,1726362890
350,nova sintra,14.8667,-24.7167,26.17,75,47,3.99,CV,1726363078
351,lodwar,3.1191,35.5973,26.99,42,84,7.55,KE,1726363080
352,coaticook,45.1334,-71.7991,14.37,89,5,0.77,CA,1726363081
353,jamaame,0.0697,42.745,23.71,83,14,4.75,SO,1726363082
354,collinsville,38.6703,-89.9846,25.73,79,0,0.45,US,1726363083
355,fenoarivo be,-18.4333,46.5667,14.01,80,1,1.77,MG,1726363085
356,vilyuchinsk,52.9306,158.4028,16.15,50,100,5.61,RU,1726363086
357,orange walk,17.8333,-88.8333,26.03,86,98,2.06,BZ,1726363087
358,queenstown,-31.8976,26.8753,12.51,78,53,1.4,ZA,1726363088
359,ust-nera,64.5667,143.2,4.63,84,94,3.48,RU,1726363089
360,suyan,6.0603,125.3853,27.93,76,100,4.63,PH,1726363090
361,northam,51.0333,-4.2167,11.45,94,100,3.67,GB,1726363091
362,jianshui,23.6363,102.8264,22.43,81,4,0.51,CN,1726363092
363,auki,-8.7676,160.7034,30.39,64,73,0.84,SB,1726363094
364,grants,35.1473,-107.8514,28.13,16,0,0.0,US,1726363095
365,estacion coahuila,32.1939,-115.0017,34.19,16,0,5.32,MX,1726363096
366,fortuna,40.5982,-124.1573,16.31,96,20,5.14,US,1726363097
367,zavetnoye,47.1194,43.8903,17.32,41,0,5.67,RU,1726363098
368,ardahan,41.1087,42.7022,9.49,78,5,1.37,TR,1726363099
369,suomussalmi,64.8869,28.9078,9.74,97,100,3.29,FI,1726363100
370,karasburg,-28.0167,18.75,6.56,71,0,4.19,NA,1726363101
371,thai binh,20.45,106.3333,28.89,76,42,0.7,VN,1726363103
372,sligo,54.2697,-8.4694,12.92,87,99,2.49,IE,1726363104
373,hilo,19.7297,-155.09,26.64,77,100,2.06,US,1726363105
374,warren,39.4334,-84.1666,25.27,59,0,3.09,US,1726363106
375,labasa,-16.4167,179.3833,29.29,59,5,3.75,FJ,1726363108
376,victorica,-36.2151,-65.4359,14.71,31,7,5.08,AR,1726363110
377,san juan de miraflores,-12.1629,-76.9635,16.76,82,75,4.76,PE,1726363111
378,mvomero,-6.25,38.6667,20.69,93,96,0.58,TZ,1726363112
379,dellys,36.9172,3.9131,19.65,59,0,4.02,DZ,1726363113
380,las khorey,11.1595,48.1967,32.41,52,100,3.29,SO,1726363114
381,kalmunai,7.4167,81.8167,27.97,74,39,1.35,LK,1726363115
382,chapadinha,-3.7417,-43.3603,23.27,74,7,1.69,BR,1726363116
383,narasapur,16.45,81.6667,24.6,83,74,3.3,IN,1726363119
384,nadvoitsy,63.8667,34.3167,14.11,79,100,3.27,RU,1726363120
385,huedin,46.8667,23.05,8.74,86,100,1.63,RO,1726363121
386,tweed heads,-28.1817,153.547,24.54,46,0,5.14,AU,1726363122
387,yarmouth,41.7057,-70.2286,19.03,93,0,3.09,US,1726363123
388,chertkovo,49.3847,40.1547,14.93,32,0,4.14,RU,1726363124
389,biryusinsk,55.9634,97.8235,3.04,88,100,5.83,RU,1726363126
390,hawera,-39.5917,174.2833,13.76,62,4,4.01,NZ,1726363127
391,abepura,-2.6333,140.5833,30.45,70,20,3.09,ID,1726363128
392,chervonohrad,50.391,24.2351,11.91,91,100,5.39,UA,1726362832
393,san andres,12.5847,-81.7006,30.01,84,20,2.57,CO,1726363130
394,palikir - national government center,6.9248,158.1611,31.47,66,75,4.12,FM,1726363131
395,saurimo,-9.6608,20.3916,19.45,38,8,0.98,AO,1726363132
396,al mayadin,35.0209,40.4535,25.65,51,11,5.21,SY,1726363133
397,albacete,38.8333,-2.0,14.45,72,0,3.09,ES,1726363135
398,santa cruz cabralia,-16.2781,-39.0247,24.13,83,20,2.06,BR,1726363136
399,emmett,43.8735,-116.4993,26.15,29,100,2.05,US,1726363137
400,lubang,13.8584,120.124,28.32,81,100,8.25,PH,1726363138
401,umm kaddadah,13.6017,26.6876,29.15,49,95,2.22,SD,1726363139
402,pangkalan brandan,4.0238,98.2782,24.17,94,100,0.96,ID,1726363140
403,new kingman-butler,35.265,-114.0323,30.94,30,0,8.23,US,1726363141
404,palafrugell,41.9174,3.1631,16.31,49,0,1.9,ES,1726363143
405,ulsteinvik,62.3432,5.8487,15.5,67,83,5.91,NO,1726363144
406,iiyama,36.85,138.3667,32.31,67,100,0.82,JP,1726363145
407,sesheke,-17.4759,24.2968,21.38,24,0,3.17,ZM,1726363147
408,maxixe,-23.8597,35.3472,19.94,91,0,1.79,MZ,1726363148
409,porto franco,-6.3383,-47.3992,30.52,26,97,1.61,BR,1726363149
410,luderitz,-26.6481,15.1594,11.52,74,0,5.98,NA,1726363151
411,cabedelo,-6.9811,-34.8339,23.37,82,14,4.67,BR,1726363152
412,tazacorte,28.629,-17.9293,22.54,78,75,6.17,ES,1726363154
413,dauphin,51.1494,-100.0502,19.08,59,20,2.57,CA,1726363155
414,eagleton village,35.7951,-83.9318,25.47,59,75,5.66,US,1726363156
415,kirensk,57.7853,108.1119,8.64,74,100,1.5,RU,1726363158
416,saudarkrokur,65.7461,-19.6394,3.4,95,100,4.19,IS,1726363159
417,maraba,-5.3686,-49.1178,27.1,61,0,0.0,BR,1726363160
418,khorinsk,52.1657,109.7726,7.91,93,100,1.69,RU,1726363161
419,prado,-17.3411,-39.2208,24.16,75,0,5.18,BR,1726363285
420,cidreira,-30.1811,-50.2056,13.19,87,2,3.03,BR,1726363286
421,shalqar,47.8333,59.6,15.23,58,7,5.57,KZ,1726363287
422,chengde,40.9725,117.9361,15.69,50,99,1.0,CN,1726363288
423,bedele,8.456,36.353,12.36,98,98,0.98,ET,1726363289
424,korla,41.7597,86.1469,18.84,43,11,5.61,CN,1726363290
425,chilaw,7.5758,79.7953,28.0,81,100,9.22,LK,1726363291
426,smara,26.7384,-11.6719,24.49,56,97,3.05,EH,1726363293
427,hirara,24.8,125.2833,30.92,79,75,3.6,JP,1726363294
428,mto wa mbu,-3.35,35.85,18.15,74,0,0.72,TZ,1726363295
429,pacific grove,36.6177,-121.9166,16.9,91,75,4.63,US,1726363296
430,touros,-5.1989,-35.4608,23.74,80,1,6.22,BR,1726363297
431,mount gambier,-37.8333,140.7667,12.11,51,15,4.4,AU,1726363009
432,timimoun,29.2639,0.231,30.21,37,0,4.12,DZ,1726363299
433,hacilar,38.6463,35.4494,13.83,55,0,2.06,TR,1726363300
434,hithadhoo,-0.6,73.0833,28.45,74,3,4.64,MV,1726363301
435,malazgirt,39.1427,42.5401,16.55,57,5,1.46,TR,1726363303
436,aldan,58.6031,125.3894,1.98,99,100,0.82,RU,1726363304
437,baykal'sk,51.5058,104.1469,9.43,88,100,5.36,RU,1726363305
438,sanctuary point,-35.1114,150.629,13.53,51,80,10.41,AU,1726363306
439,wynyard,-41.0,145.7167,11.77,61,3,1.79,AU,1726363307
440,hegang,47.4,130.3667,16.84,39,0,2.9,CN,1726363309
441,kimbe,-5.5502,150.1429,29.74,75,46,1.55,PG,1726363310
442,betare oya,5.6,14.0833,20.02,97,100,1.59,CM,1726363311
443,gornyak,50.9942,81.4661,6.74,80,4,1.03,RU,1726363312
444,antonio enes,-16.2325,39.9086,22.79,84,0,3.11,MZ,1726363313
445,igarka,67.4667,86.5833,0.13,77,8,3.1,RU,1726363315
446,olyokminsk,60.3736,120.4264,4.01,67,100,2.9,RU,1726363316
447,laguna,38.421,-121.4238,32.08,34,0,6.17,US,1726363317
448,kamaishi,39.2667,141.8833,27.25,73,97,3.98,JP,1726363318
449,altai,46.3722,96.2583,4.19,41,5,0.71,MN,1726363319
450,atherton,53.5237,-2.4935,12.94,84,64,0.89,GB,1726363320
451,fada,7.25,4.0667,22.1,99,91,0.9,NG,1726363321
452,susuman,62.7833,148.1667,5.08,78,100,7.53,RU,1726363322
453,arti,56.4234,58.5328,10.57,91,5,1.87,RU,1726363324
454,san gabriel,34.0961,-118.1058,24.55,60,0,4.12,US,1726363325
455,ghadamis,30.1337,9.5007,28.18,47,10,4.64,LY,1726363326
456,playas,-2.6333,-80.3833,21.85,86,83,6.06,EC,1726363327
457,kristiansand,58.1467,7.9956,9.01,93,75,2.57,NO,1726363328
458,auchi,7.0667,6.2667,22.62,98,100,1.42,NG,1726363329
459,saldanha,-33.0117,17.9442,12.37,92,0,4.17,ZA,1726363330
460,uzgen,40.7699,73.3007,14.43,33,0,1.9,KG,1726363331
461,polyarnyy,69.1989,33.4478,9.37,86,100,0.34,RU,1726363172
462,cotonou,6.3654,2.4183,25.99,83,40,5.14,BJ,1726363334
463,ulanhot,46.0833,122.0833,18.19,46,4,4.5,CN,1726363335
464,kununurra,-15.7667,128.7333,31.99,15,8,4.63,AU,1726363336
465,westport,41.1415,-73.3579,22.33,81,0,1.54,US,1726363088
466,ola,59.5833,151.2833,8.47,74,100,3.13,RU,1726363339
467,lupane,-18.9315,27.807,19.21,33,3,3.26,ZW,1726363340
468,thinadhoo,0.5333,72.9333,28.55,74,98,4.17,MV,1726363342
469,murrells inlet,33.551,-79.0414,23.34,97,100,4.12,US,1726363343
470,bahawalpur,29.4,71.6833,28.62,50,0,3.46,PK,1726363344
471,mirnyy,62.5353,113.9611,1.53,74,98,3.57,RU,1726363345
472,fale old settlement,-9.3852,-171.2468,28.36,77,100,6.41,TK,1726363346
473,shenjiamen,29.9576,122.298,27.82,89,99,8.92,CN,1726363347
474,mansa,29.9833,75.3833,24.35,76,0,2.4,IN,1726363348
475,nong bua,15.8646,100.5858,26.19,88,100,0.99,TH,1726363349
476,natal,-5.795,-35.2094,22.36,88,20,2.06,BR,1726363351
477,al muwayh,22.4333,41.7583,28.49,53,69,4.59,SA,1726363352
478,dolores,-36.3132,-57.6792,6.16,81,0,3.16,AR,1726363353
479,guarapari,-20.6667,-40.4975,22.24,82,0,6.21,BR,1726363354
480,concepcion del oro,24.6333,-101.4167,21.2,53,95,2.75,MX,1726363355
481,anloga,5.7947,0.8973,24.58,89,100,5.7,GH,1726363356
482,ust'-uda,54.1742,103.0304,8.54,83,100,2.76,RU,1726363357
483,kaukauna,44.278,-88.272,23.45,72,75,3.09,US,1726363358
484,fortaleza,-3.7227,-38.5247,27.82,89,40,7.72,BR,1726363124
485,howrah,22.5892,88.3103,26.0,100,100,4.63,IN,1726363362
486,bubaque,11.2833,-15.8333,26.98,81,100,7.13,GW,1726363400
487,paimio,60.4567,22.6869,11.3,94,100,1.79,FI,1726363401
488,karratha,-20.7377,116.8463,29.31,24,100,9.13,AU,1726363402
489,haiku-pauwela,20.9219,-156.3051,29.03,64,20,12.07,US,1726363403
490,aglona,56.1333,27.0167,14.5,61,4,2.97,LV,1726363404
491,megeve,45.8523,6.6129,3.6,87,0,1.6,FR,1726363405
492,la palma,33.8464,-118.0467,24.54,71,0,4.63,US,1726363407
493,tecate,32.5667,-116.6333,19.77,52,0,3.29,MX,1726363408
494,novaya igirma,57.1334,103.9112,7.59,92,96,4.12,RU,1726363409
495,san juanito,28.0,-107.5833,13.73,85,100,1.62,MX,1726363410
496,chak two hundred forty-nine thal development authority,31.1796,71.2095,28.58,49,1,2.47,PK,1726363411
497,tynda,55.1667,124.7167,10.37,66,21,1.23,RU,1726363413
498,chinde,26.8212,87.7095,23.98,88,100,1.66,NP,1726363415
499,akhnur,32.8667,74.7333,22.66,75,0,1.9,IN,1726363416
500,behompy,-23.2496,43.8557,20.31,76,8,1.05,MG,1726363417
501,tanhacu,-14.0214,-41.2481,22.15,67,4,3.45,BR,1726363418
502,togur,58.3631,82.8265,2.79,81,0,3.88,RU,1726363419
503,yabelo,4.8833,38.0833,16.08,52,54,3.54,ET,1726363420
504,svetlyy,54.675,20.1347,16.66,94,100,7.56,RU,1726363421
505,bamboo flat,11.7,92.7167,29.05,84,75,4.63,IN,1726363422
506,vetluzhskiy,58.3902,45.4654,13.47,65,100,0.17,RU,1726363424
507,souillac,-20.5167,57.5167,21.21,52,40,5.14,MU,1726363425
508,carutapera,-1.195,-46.02,25.65,81,19,4.79,BR,1726363426
509,kerimaki,61.9167,29.2833,15.97,88,0,2.57,FI,1726363427
510,zuyevka,58.405,51.1335,13.73,94,23,1.86,RU,1726363428
511,turgen,43.4006,77.5933,10.39,47,0,1.25,KZ,1726363429
512,naxos,37.1056,25.3764,25.17,62,49,4.47,GR,1726363430
513,sao vicente,-23.9631,-46.3919,23.88,26,47,1.34,BR,1726363432
514,crane,31.3974,-102.3501,29.81,35,98,6.37,US,1726363433
515,casagiove,41.0747,14.3077,16.12,49,9,1.25,IT,1726363434
516,san clemente del tuyu,-36.3569,-56.7235,8.74,65,0,3.12,AR,1726363435
517,terenozek,45.05,64.9833,15.75,41,62,7.88,KZ,1726363436
518,rochester,43.1548,-77.6156,20.89,90,0,2.49,US,1726363437
519,aitape,-3.1374,142.3475,28.88,67,100,1.09,PG,1726363438
520,maughold,54.2988,-4.3184,14.14,93,100,5.28,IM,1726363439
521,leua,48.2156,18.6071,11.11,91,100,6.09,SK,1726363440
522,praia,14.9215,-23.5087,26.3,78,40,3.09,CV,1726363442
523,serowe,-22.3833,26.7167,22.45,24,2,4.13,BW,1726363443
524,san luis,-33.295,-66.3356,15.18,32,1,3.61,AR,1726363444
525,al ghayzah,16.2079,52.176,25.51,90,44,2.53,YE,1726363445
526,fort mcmurray,56.7268,-111.381,19.77,52,100,1.03,CA,1726363446
527,saint-francois,46.4154,3.9054,5.36,93,0,0.0,FR,1726363447
528,alakurtti,66.9672,30.3491,8.93,91,100,1.74,RU,1726363448
529,saquarema,-22.92,-42.5103,21.09,85,8,2.86,BR,1726363449
530,hasaki,35.7333,140.8333,28.41,74,0,9.7,JP,1726363451
531,hami,42.8,93.45,19.3,33,15,5.03,CN,1726363452
532,taltal,-25.4,-70.4833,14.86,72,0,2.77,CL,1726363453
533,xining,36.6167,101.7667,14.34,84,100,0.85,CN,1726363454
534,manta,-0.95,-80.7333,22.88,83,75,6.17,EC,1726363455
535,acarau,-2.8856,-40.12,25.06,83,2,7.33,BR,1726363456
536,vernon,50.2581,-119.2691,18.75,62,100,2.24,CA,1726363457
537,tinghir,31.5157,-5.5343,24.39,35,0,0.98,MA,1726363459
538,belmonte,-15.8631,-38.8828,22.53,85,33,2.35,BR,1726363460
539,zouerate,22.7187,-12.4521,33.48,20,0,2.59,MR,1726363461
540,cape coast,5.1053,-1.2466,23.57,93,77,4.48,GH,1726363462
541,nuku'alofa,-21.1333,-175.2,27.19,83,20,3.09,TO,1726363463
542,wenling,28.3669,121.36,29.07,74,79,6.7,CN,1726363464
543,bel ombre,-4.6167,55.4167,24.91,88,20,5.14,SC,1726363465
544,buri ram,14.9943,103.1039,26.76,81,88,4.07,TH,1726363466
545,kalinkavichy,52.1323,29.3257,20.42,30,85,5.94,BY,1726363468
546,spanish wells,26.323,-81.7957,30.01,53,40,2.57,US,1726363469
547,ouallam,14.3188,2.0866,29.8,60,33,2.1,NE,1726363470
548,yoko,5.5333,12.3167,18.46,99,100,1.11,CM,1726363471
549,samitah,16.596,42.9444,32.22,73,99,2.36,SA,1726363472
550,cadale,2.7603,46.3222,24.56,82,72,8.62,SO,1726363473
551,birao,10.2849,22.7882,23.13,92,96,0.95,CF,1726363476
552,lerwick,60.1545,-1.1494,13.16,84,100,13.07,GB,1726363477
553,kotel'va,50.0686,34.7586,21.14,30,3,7.72,UA,1726363478
554,ceeldheer,3.8488,47.1806,23.86,83,20,7.84,SO,1726363479
555,hovd,48.0056,91.6419,7.63,33,0,1.33,MN,1726363480
556,belyy yar,53.6039,91.3903,7.94,87,75,3.0,RU,1726363481
557,papao,-17.75,-149.55,22.82,81,4,2.24,PF,1726363482
558,richards bay,-28.783,32.0377,18.17,84,100,2.16,ZA,1726363484
559,campbell river,50.0163,-125.2446,14.22,94,75,1.03,CA,1726363243
560,stephenville,32.2207,-98.2023,31.07,62,0,0.0,US,1726363486
561,hafar al-batin,28.4328,45.9708,28.32,17,0,2.06,SA,1726363487
562,gurupi,-11.7292,-49.0686,28.74,26,6,2.79,BR,1726363488
563,santa rosalia,27.3167,-112.2833,31.36,40,0,1.14,MX,1726363489
564,sao raimundo das mangabeiras,-7.0219,-45.4811,27.39,34,28,1.36,BR,1726363490
565,benghazi,32.1167,20.0667,25.17,66,27,7.53,LY,1726363491
566,san rafael,-34.6177,-68.3301,15.78,25,0,2.95,AR,1726363375
567,puerto armuelles,8.2833,-82.8667,28.94,74,99,3.58,PA,1726363494
568,holualoa,19.6228,-155.9522,27.91,75,40,5.66,US,1726363495
569,gornozavodsk,58.3758,58.3211,9.86,94,0,1.17,RU,1726363496
570,shetpe,44.1667,52.1167,15.95,44,4,3.07,KZ,1726363497
571,wenchang,30.904,118.4887,27.78,78,65,4.73,CN,1726363498
572,mchinji,-13.7984,32.8802,19.97,38,2,3.01,MW,1726363499
573,hampton bays,40.869,-72.5176,21.03,88,0,2.24,US,1726363501
574,pigeon forge,35.7884,-83.5543,23.92,57,20,5.14,US,1726363502
575,padang,-0.9492,100.3543,26.03,86,100,0.88,ID,1726363503
576,oncativo,-31.9135,-63.682,12.89,32,1,3.88,AR,1726363504
577,iguape,-24.7081,-47.5553,20.66,93,100,4.99,BR,1726363505
578,oranjemund,-28.55,16.4333,13.38,83,95,4.73,NA,1726363506
579,iquique,-20.2208,-70.1431,15.98,75,20,1.52,CL,1726363507
580,loango,-4.6719,11.8312,23.16,90,19,1.78,CG,1726363508
581,ugoofaaru,5.6667,73.0,28.04,76,37,3.38,MV,1726363511
582,mahina,-17.5065,-149.489,22.87,94,75,2.57,PF,1726363512
583,howard springs,-12.497,131.047,30.49,62,23,1.13,AU,1726363513
